{"cameraMode":{"drawMode":0,"name":"Shaded","section":"Shading Mode"},"sceneLighting":false,"audioPlay":false,"sceneViewState":{"showFog":true,"showMaterialUpdate":false,"showSkybox":false,"showFlares":true,"showImageEffects":true,"showParticleSystems":true},"in2DMode":false,"pivot":{"x":-1.018664836883545,"y":1.7955787181854249,"z":-2.7410788536071779},"rotation":{"x":0.02625950612127781,"y":-0.9233841896057129,"z":0.06408501416444779,"w":0.37765705585479739},"size":4.772251129150391,"orthographic":false}