{"cameraMode":{"drawMode":0,"name":"Shaded","section":"Shading Mode"},"sceneLighting":false,"audioPlay":false,"sceneViewState":{"showFog":true,"showMaterialUpdate":false,"showSkybox":false,"showFlares":true,"showImageEffects":true,"showParticleSystems":true},"in2DMode":false,"pivot":{"x":0.1180124282836914,"y":0.4179821014404297,"z":-1.33701753616333},"rotation":{"x":0.13726985454559327,"y":0.7080762386322022,"z":-0.14336615800857545,"w":0.6776943802833557},"size":3.3000171184539797,"orthographic":false}