{"cameraMode":{"drawMode":0,"name":"Shaded","section":"Shading Mode"},"sceneLighting":false,"audioPlay":false,"sceneViewState":{"showFog":true,"showMaterialUpdate":false,"showSkybox":false,"showFlares":true,"showImageEffects":true,"showParticleSystems":true},"in2DMode":false,"pivot":{"x":-0.25573039054870608,"y":-1.0605900287628174,"z":0.9866156578063965},"rotation":{"x":0.12518055737018586,"y":-0.3935914635658264,"z":0.05414222553372383,"w":0.909142255783081},"size":3.0843048095703127,"orthographic":false}