{"cameraMode":{"drawMode":0,"name":"Shaded","section":"Shading Mode"},"sceneLighting":false,"audioPlay":false,"sceneViewState":{"showFog":true,"showMaterialUpdate":false,"showSkybox":false,"showFlares":true,"showImageEffects":true,"showParticleSystems":true},"in2DMode":false,"pivot":{"x":-0.000829789787530899,"y":0.13403820991516114,"z":0.000017840415239334106},"rotation":{"x":0.05917958915233612,"y":-0.6830921769142151,"z":0.05563215911388397,"w":0.7258452773094177},"size":0.1622570902109146,"orthographic":false}