{"cameraMode":{"drawMode":0,"name":"Shaded","section":"Shading Mode"},"sceneLighting":false,"audioPlay":false,"sceneViewState":{"showFog":true,"showMaterialUpdate":false,"showSkybox":false,"showFlares":true,"showImageEffects":true,"showParticleSystems":true},"in2DMode":false,"pivot":{"x":-2.850156307220459,"y":0.36863136291503909,"z":-1.5271310806274415},"rotation":{"x":0.0790419653058052,"y":-0.8192919492721558,"z":0.11657179147005081,"w":0.5558441281318665},"size":3.9754436016082765,"orthographic":false}