{"cameraMode":{"drawMode":0,"name":"Shaded","section":"Shading Mode"},"sceneLighting":false,"audioPlay":false,"sceneViewState":{"showFog":true,"showMaterialUpdate":false,"showSkybox":false,"showFlares":true,"showImageEffects":true,"showParticleSystems":true},"in2DMode":false,"pivot":{"x":-0.1690043956041336,"y":0.06605225801467896,"z":-0.18884515762329102},"rotation":{"x":0.016261829063296319,"y":-0.9737576246261597,"z":0.07346250116825104,"w":0.21492496132850648},"size":0.4196227788925171,"orthographic":false}