{"cameraMode":{"drawMode":0,"name":"Shaded","section":"Shading Mode"},"sceneLighting":true,"audioPlay":false,"sceneViewState":{"showFog":true,"showMaterialUpdate":false,"showSkybox":false,"showFlares":true,"showImageEffects":true,"showParticleSystems":true},"in2DMode":false,"pivot":{"x":957.5,"y":538.2789306640625,"z":1.0226445198059083},"rotation":{"x":-0.22424784302711488,"y":-0.7333266139030457,"z":0.28644174337387087,"w":-0.5744240283966065},"size":1104.48193359375,"orthographic":false}