{"cameraMode":{"drawMode":0,"name":"Shaded","section":"Shading Mode"},"sceneLighting":false,"audioPlay":false,"sceneViewState":{"showFog":true,"showMaterialUpdate":false,"showSkybox":false,"showFlares":true,"showImageEffects":true,"showParticleSystems":true},"in2DMode":false,"pivot":{"x":-4.37193489074707,"y":5.127322196960449,"z":9.742488861083985},"rotation":{"x":-0.0882212296128273,"y":-0.8990795612335205,"z":0.21318136155605317,"w":-0.37208908796310427},"size":1.5669167041778565,"orthographic":false}