{"cameraMode":{"drawMode":0,"name":"Shaded","section":"Shading Mode"},"sceneLighting":false,"audioPlay":false,"sceneViewState":{"showFog":true,"showMaterialUpdate":false,"showSkybox":false,"showFlares":true,"showImageEffects":true,"showParticleSystems":true},"in2DMode":false,"pivot":{"x":-7.450580596923828e-9,"y":0.016187742352485658,"z":0.14405907690525056},"rotation":{"x":0.07107450813055039,"y":-0.7147102952003479,"z":0.0733477920293808,"w":0.6919680237770081},"size":0.22560140490531922,"orthographic":false}