{"cameraMode":{"drawMode":0,"name":"Shaded","section":"Shading Mode"},"sceneLighting":false,"audioPlay":false,"sceneViewState":{"showFog":true,"showMaterialUpdate":false,"showSkybox":false,"showFlares":true,"showImageEffects":true,"showParticleSystems":true},"in2DMode":false,"pivot":{"x":3.157136917114258,"y":-6.440678596496582,"z":-13.064154624938965},"rotation":{"x":0.07067733258008957,"y":0.9292532205581665,"z":-0.25301194190979006,"w":0.25987115502357485},"size":10.390628814697266,"orthographic":false}