{"cameraMode":{"drawMode":0,"name":"Shaded","section":"Shading Mode"},"sceneLighting":false,"audioPlay":false,"sceneViewState":{"showFog":true,"showMaterialUpdate":false,"showSkybox":false,"showFlares":true,"showImageEffects":true,"showParticleSystems":true},"in2DMode":false,"pivot":{"x":0.001174330711364746,"y":1.2796902656555176,"z":0.7878232598304749},"rotation":{"x":0.05853855237364769,"y":-0.915440559387207,"z":0.14425359666347505,"w":0.3712029457092285},"size":2.2844133377075197,"orthographic":false}