{"cameraMode":{"drawMode":0,"name":"Shaded","section":"Shading Mode"},"sceneLighting":false,"audioPlay":false,"sceneViewState":{"showFog":true,"showMaterialUpdate":false,"showSkybox":false,"showFlares":true,"showImageEffects":true,"showParticleSystems":true},"in2DMode":false,"pivot":{"x":0.20548564195632935,"y":-0.10419642925262451,"z":-0.4946577250957489},"rotation":{"x":0.12080853432416916,"y":-0.8696120977401733,"z":0.26215583086013796,"w":0.4006441533565521},"size":0.4575667679309845,"orthographic":false}