{"cameraMode":{"drawMode":0,"name":"Shaded","section":"Shading Mode"},"sceneLighting":false,"audioPlay":false,"sceneViewState":{"showFog":true,"showMaterialUpdate":false,"showSkybox":false,"showFlares":true,"showImageEffects":true,"showParticleSystems":true},"in2DMode":false,"pivot":{"x":-0.010443203151226044,"y":-0.0016517024487257004,"z":-0.00900745764374733},"rotation":{"x":0.03298620134592056,"y":-0.9005181193351746,"z":0.06928500533103943,"w":0.4280616044998169},"size":0.050031185150146487,"orthographic":false}