{"cameraMode":{"drawMode":0,"name":"Shaded","section":"Shading Mode"},"sceneLighting":false,"audioPlay":false,"sceneViewState":{"showFog":true,"showMaterialUpdate":false,"showSkybox":false,"showFlares":true,"showImageEffects":true,"showParticleSystems":true},"in2DMode":false,"pivot":{"x":0.0,"y":0.7560588121414185,"z":0.011815503239631653},"rotation":{"x":0.060534097254276279,"y":-0.813284695148468,"z":0.08593885600566864,"w":0.5723426342010498},"size":0.8459608554840088,"orthographic":false}