{"cameraMode":{"drawMode":0,"name":"Shaded","section":"Shading Mode"},"sceneLighting":false,"audioPlay":false,"sceneViewState":{"showFog":true,"showMaterialUpdate":false,"showSkybox":false,"showFlares":true,"showImageEffects":true,"showParticleSystems":true},"in2DMode":false,"pivot":{"x":0.0,"y":0.6510648131370544,"z":-0.004696696996688843},"rotation":{"x":-0.04896768182516098,"y":-0.8998052477836609,"z":0.10466397553682327,"w":-0.42074522376060488},"size":1.510144591331482,"orthographic":false}