{"cameraMode":{"drawMode":0,"name":"Shaded","section":"Shading Mode"},"sceneLighting":false,"audioPlay":false,"sceneViewState":{"showFog":true,"showMaterialUpdate":false,"showSkybox":false,"showFlares":true,"showImageEffects":true,"showParticleSystems":true},"in2DMode":false,"pivot":{"x":0.0,"y":0.8485034704208374,"z":-0.017121531069278718},"rotation":{"x":0.029162056744098665,"y":-0.9590870141983032,"z":0.10718712210655213,"w":0.26051926612854006},"size":1.416939377784729,"orthographic":false}