{"cameraMode":{"drawMode":0,"name":"Shaded","section":"Shading Mode"},"sceneLighting":false,"audioPlay":false,"sceneViewState":{"showFog":true,"showMaterialUpdate":false,"showSkybox":false,"showFlares":true,"showImageEffects":true,"showParticleSystems":true},"in2DMode":false,"pivot":{"x":-0.08709192276000977,"y":-0.2389739751815796,"z":1.9730772972106934},"rotation":{"x":0.14154911041259767,"y":-0.5875104069709778,"z":0.10524561256170273,"w":0.7898015975952148},"size":1.8087973594665528,"orthographic":false}