{"cameraMode":{"drawMode":0,"name":"Shaded","section":"Shading Mode"},"sceneLighting":false,"audioPlay":false,"sceneViewState":{"showFog":true,"showMaterialUpdate":false,"showSkybox":false,"showFlares":true,"showImageEffects":true,"showParticleSystems":true},"in2DMode":false,"pivot":{"x":0.00090065598487854,"y":0.05496174469590187,"z":0.0},"rotation":{"x":-0.009898075833916664,"y":-0.9869314432144165,"z":0.06703303754329682,"w":-0.14640074968338014},"size":0.22797824442386628,"orthographic":false}