{"cameraMode":{"drawMode":0,"name":"Shaded","section":"Shading Mode"},"sceneLighting":false,"audioPlay":false,"sceneViewState":{"showFog":true,"showMaterialUpdate":false,"showSkybox":false,"showFlares":true,"showImageEffects":true,"showParticleSystems":true},"in2DMode":false,"pivot":{"x":0.0000368170440196991,"y":-0.003711085766553879,"z":0.023883245885372163},"rotation":{"x":0.03679272532463074,"y":-0.6477239727973938,"z":0.031280308961868289,"w":0.7603820562362671},"size":0.08502969890832901,"orthographic":false}