{"cameraMode":{"drawMode":0,"name":"Shaded","section":"Shading Mode"},"sceneLighting":false,"audioPlay":false,"sceneViewState":{"showFog":true,"showMaterialUpdate":false,"showSkybox":false,"showFlares":true,"showImageEffects":true,"showParticleSystems":true},"in2DMode":false,"pivot":{"x":-1.4208766222000123,"y":0.47655773162841799,"z":-0.41920459270477297},"rotation":{"x":0.09878551214933396,"y":-0.8064855933189392,"z":0.14074906706809998,"w":0.565747857093811},"size":1.7161362171173096,"orthographic":false}