{"cameraMode":{"drawMode":0,"name":"Shaded","section":"Shading Mode"},"sceneLighting":false,"audioPlay":false,"sceneViewState":{"showFog":true,"showMaterialUpdate":false,"showSkybox":false,"showFlares":true,"showImageEffects":true,"showParticleSystems":true},"in2DMode":false,"pivot":{"x":-0.2981206178665161,"y":0.058431148529052737,"z":0.3080854117870331},"rotation":{"x":0.06508399546146393,"y":-0.825676441192627,"z":0.09728042781352997,"w":0.5519183278083801},"size":0.5785809755325317,"orthographic":false}