{"cameraMode":{"drawMode":0,"name":"Shaded","section":"Shading Mode"},"sceneLighting":false,"audioPlay":false,"sceneViewState":{"showFog":true,"showMaterialUpdate":false,"showSkybox":false,"showFlares":true,"showImageEffects":true,"showParticleSystems":true},"in2DMode":false,"pivot":{"x":0.006182044744491577,"y":-0.0010949578136205674,"z":-0.000011578202247619629},"rotation":{"x":-0.009898075833916664,"y":-0.9869314432144165,"z":0.06703303754329682,"w":-0.14640074968338014},"size":0.17171651124954225,"orthographic":false}