{"cameraMode":{"drawMode":0,"name":"Shaded","section":"Shading Mode"},"sceneLighting":true,"audioPlay":false,"sceneViewState":{"showFog":true,"showMaterialUpdate":false,"showSkybox":false,"showFlares":true,"showImageEffects":true,"showParticleSystems":true},"in2DMode":false,"pivot":{"x":-0.06448173522949219,"y":-0.10338783264160156,"z":1.2578449249267579},"rotation":{"x":0.01763107255101204,"y":0.9779312014579773,"z":-0.09301441162824631,"w":0.1864154189825058},"size":2.762176752090454,"orthographic":false}