{"cameraMode":{"drawMode":0,"name":"Shaded","section":"Shading Mode"},"sceneLighting":false,"audioPlay":false,"sceneViewState":{"showFog":true,"showMaterialUpdate":false,"showSkybox":false,"showFlares":true,"showImageEffects":true,"showParticleSystems":true},"in2DMode":false,"pivot":{"x":-1.1900410652160645,"y":0.5094332098960877,"z":-0.3514995574951172},"rotation":{"x":0.062261201441287997,"y":-0.8815823793411255,"z":0.12134691327810288,"w":0.4519602060317993},"size":1.714163064956665,"orthographic":false}