{"cameraMode":{"drawMode":0,"name":"Shaded","section":"Shading Mode"},"sceneLighting":false,"audioPlay":false,"sceneViewState":{"showFog":true,"showMaterialUpdate":false,"showSkybox":false,"showFlares":true,"showImageEffects":true,"showParticleSystems":true},"in2DMode":false,"pivot":{"x":-0.000592745840549469,"y":0.03026638552546501,"z":-0.0010007917881011963},"rotation":{"x":0.12080853432416916,"y":-0.8696120977401733,"z":0.26215583086013796,"w":0.4006441533565521},"size":0.15482592582702638,"orthographic":false}