{"cameraMode":{"drawMode":0,"name":"Shaded","section":"Shading Mode"},"sceneLighting":false,"audioPlay":false,"sceneViewState":{"showFog":true,"showMaterialUpdate":false,"showSkybox":false,"showFlares":true,"showImageEffects":true,"showParticleSystems":true},"in2DMode":false,"pivot":{"x":-1.865659236907959,"y":-0.1626293659210205,"z":-1.1338517665863038},"rotation":{"x":-0.10643044859170914,"y":0.8544048070907593,"z":-0.19310475885868073,"w":-0.4705982804298401},"size":2.0695087909698488,"orthographic":false}