{"cameraMode":{"drawMode":0,"name":"Shaded","section":"Shading Mode"},"sceneLighting":false,"audioPlay":false,"sceneViewState":{"showFog":true,"showMaterialUpdate":false,"showSkybox":false,"showFlares":true,"showImageEffects":true,"showParticleSystems":true},"in2DMode":false,"pivot":{"x":0.0,"y":0.8493506908416748,"z":-0.02076089382171631},"rotation":{"x":0.05313095822930336,"y":-0.9469181895256043,"z":0.22751586139202119,"w":0.22094324231147767},"size":1.413773536682129,"orthographic":false}