{"cameraMode":{"drawMode":0,"name":"Shaded","section":"Shading Mode"},"sceneLighting":false,"audioPlay":false,"sceneViewState":{"showFog":true,"showMaterialUpdate":false,"showSkybox":false,"showFlares":true,"showImageEffects":true,"showParticleSystems":true},"in2DMode":false,"pivot":{"x":-1.1920928955078126e-7,"y":0.8571031093597412,"z":-0.025625497102737428},"rotation":{"x":0.05313095822930336,"y":-0.9469181895256043,"z":0.22751586139202119,"w":0.22094324231147767},"size":1.4186424016952515,"orthographic":false}