{"cameraMode":{"drawMode":0,"name":"Shaded","section":"Shading Mode"},"sceneLighting":false,"audioPlay":false,"sceneViewState":{"showFog":true,"showMaterialUpdate":false,"showSkybox":false,"showFlares":true,"showImageEffects":true,"showParticleSystems":true},"in2DMode":false,"pivot":{"x":0.0,"y":0.15733514726161958,"z":-0.0015275664627552033},"rotation":{"x":0.12080853432416916,"y":-0.8696120977401733,"z":0.26215583086013796,"w":0.4006441533565521},"size":0.2704305946826935,"orthographic":false}