{"cameraMode":{"drawMode":0,"name":"Shaded","section":"Shading Mode"},"sceneLighting":false,"audioPlay":false,"sceneViewState":{"showFog":true,"showMaterialUpdate":false,"showSkybox":false,"showFlares":true,"showImageEffects":true,"showParticleSystems":true},"in2DMode":false,"pivot":{"x":0.000391228124499321,"y":-0.0010491982102394105,"z":-0.0010997308418154717},"rotation":{"x":0.05917958915233612,"y":-0.6830921769142151,"z":0.05563215911388397,"w":0.7258452773094177},"size":0.14375777542591096,"orthographic":false}