{"cameraMode":{"drawMode":0,"name":"Shaded","section":"Shading Mode"},"sceneLighting":false,"audioPlay":false,"sceneViewState":{"showFog":true,"showMaterialUpdate":false,"showSkybox":false,"showFlares":true,"showImageEffects":true,"showParticleSystems":true},"in2DMode":false,"pivot":{"x":-0.11231422424316406,"y":-0.14878691732883454,"z":0.40021222829818728},"rotation":{"x":-0.07916496694087982,"y":0.8924270272254944,"z":-0.17235806584358216,"w":-0.4095683693885803},"size":0.3685402572154999,"orthographic":false}