{"cameraMode":{"drawMode":0,"name":"Shaded","section":"Shading Mode"},"sceneLighting":false,"audioPlay":false,"sceneViewState":{"showFog":true,"showMaterialUpdate":false,"showSkybox":false,"showFlares":true,"showImageEffects":true,"showParticleSystems":true},"in2DMode":false,"pivot":{"x":-0.04111891984939575,"y":0.16559487581253053,"z":-0.17576994001865388},"rotation":{"x":0.060534097254276279,"y":-0.813284695148468,"z":0.08593885600566864,"w":0.5723426342010498},"size":0.23962180316448213,"orthographic":false}