{"cameraMode":{"drawMode":0,"name":"Shaded","section":"Shading Mode"},"sceneLighting":false,"audioPlay":false,"sceneViewState":{"showFog":true,"showMaterialUpdate":false,"showSkybox":false,"showFlares":true,"showImageEffects":true,"showParticleSystems":true},"in2DMode":false,"pivot":{"x":0.0009531676769256592,"y":0.14105629920959474,"z":0.0006008148193359375},"rotation":{"x":0.060534097254276279,"y":-0.813284695148468,"z":0.08593885600566864,"w":0.5723426342010498},"size":0.496595561504364,"orthographic":false}