{"cameraMode":{"drawMode":0,"name":"Shaded","section":"Shading Mode"},"sceneLighting":false,"audioPlay":false,"sceneViewState":{"showFog":true,"showMaterialUpdate":false,"showSkybox":false,"showFlares":true,"showImageEffects":true,"showParticleSystems":true},"in2DMode":false,"pivot":{"x":-1.390999674797058,"y":0.47176462411880495,"z":-0.16866302490234376},"rotation":{"x":0.022528531029820443,"y":-0.9764919281005859,"z":0.12697048485279084,"w":0.1728852093219757},"size":1.7237573862075806,"orthographic":false}