{"cameraMode":{"drawMode":0,"name":"Shaded","section":"Shading Mode"},"sceneLighting":false,"audioPlay":false,"sceneViewState":{"showFog":true,"showMaterialUpdate":false,"showSkybox":false,"showFlares":true,"showImageEffects":true,"showParticleSystems":true},"in2DMode":false,"pivot":{"x":-0.006451725959777832,"y":0.9721848368644714,"z":0.013748109340667725},"rotation":{"x":0.10398536920547486,"y":-0.8818409442901611,"z":0.23015211522579194,"w":0.39828747510910036},"size":1.1797975301742554,"orthographic":false}