{"cameraMode":{"drawMode":0,"name":"Shaded","section":"Shading Mode"},"sceneLighting":true,"audioPlay":false,"sceneViewState":{"showFog":true,"showMaterialUpdate":false,"showSkybox":false,"showFlares":true,"showImageEffects":true,"showParticleSystems":true},"in2DMode":false,"pivot":{"x":0.12589478492736817,"y":-0.03229847550392151,"z":-0.10749731957912445},"rotation":{"x":-0.07444695383310318,"y":-0.7660002708435059,"z":0.0903167873620987,"w":-0.6321487426757813},"size":0.6294077634811401,"orthographic":false}