{"cameraMode":{"drawMode":0,"name":"Shaded","section":"Shading Mode"},"sceneLighting":false,"audioPlay":false,"sceneViewState":{"showFog":true,"showMaterialUpdate":false,"showSkybox":false,"showFlares":true,"showImageEffects":true,"showParticleSystems":true},"in2DMode":false,"pivot":{"x":-0.46638578176498415,"y":0.905850887298584,"z":-0.511142373085022},"rotation":{"x":0.053801361471414569,"y":-0.9344459772109985,"z":0.16020718216896058,"w":0.31353887915611269},"size":1.1365342140197755,"orthographic":false}