{"cameraMode":{"drawMode":0,"name":"Shaded","section":"Shading Mode"},"sceneLighting":false,"audioPlay":false,"sceneViewState":{"showFog":true,"showMaterialUpdate":false,"showSkybox":false,"showFlares":true,"showImageEffects":true,"showParticleSystems":true},"in2DMode":false,"pivot":{"x":-0.2793982923030853,"y":-0.315988153219223,"z":0.17158499360084535},"rotation":{"x":0.05917958915233612,"y":-0.6830921769142151,"z":0.05563215911388397,"w":0.7258452773094177},"size":0.3837412893772125,"orthographic":false}