{"cameraMode":{"drawMode":0,"name":"Shaded","section":"Shading Mode"},"sceneLighting":false,"audioPlay":false,"sceneViewState":{"showFog":true,"showMaterialUpdate":false,"showSkybox":false,"showFlares":true,"showImageEffects":true,"showParticleSystems":true},"in2DMode":false,"pivot":{"x":-0.8694263696670532,"y":-0.3659587800502777,"z":-0.4339689016342163},"rotation":{"x":0.04807917773723602,"y":-0.9010943174362183,"z":0.10343685746192932,"w":0.41843217611312868},"size":0.9703406691551209,"orthographic":false}