{"cameraMode":{"drawMode":0,"name":"Shaded","section":"Shading Mode"},"sceneLighting":false,"audioPlay":false,"sceneViewState":{"showFog":true,"showMaterialUpdate":false,"showSkybox":false,"showFlares":true,"showImageEffects":true,"showParticleSystems":true},"in2DMode":false,"pivot":{"x":0.00015738606452941895,"y":0.20027804374694825,"z":0.0001574978232383728},"rotation":{"x":0.060534097254276279,"y":-0.813284695148468,"z":0.08593885600566864,"w":0.5723426342010498},"size":0.21577171981334687,"orthographic":false}