{"cameraMode":{"drawMode":0,"name":"Shaded","section":"Shading Mode"},"sceneLighting":false,"audioPlay":false,"sceneViewState":{"showFog":true,"showMaterialUpdate":false,"showSkybox":false,"showFlares":true,"showImageEffects":true,"showParticleSystems":true},"in2DMode":false,"pivot":{"x":0.04291051626205444,"y":1.2347543239593506,"z":-0.02016347646713257},"rotation":{"x":-0.21757254004478455,"y":0.7819139361381531,"z":-0.42999032139778139,"w":-0.39551496505737307},"size":1.985268235206604,"orthographic":false}