{"cameraMode":{"drawMode":0,"name":"Shaded","section":"Shading Mode"},"sceneLighting":false,"audioPlay":false,"sceneViewState":{"showFog":true,"showMaterialUpdate":false,"showSkybox":false,"showFlares":true,"showImageEffects":true,"showParticleSystems":true},"in2DMode":false,"pivot":{"x":2.1775155067443849,"y":8.272215843200684,"z":-0.9163942933082581},"rotation":{"x":-0.26004263758659365,"y":-0.6907386779785156,"z":0.2964138090610504,"w":-0.606175422668457},"size":-1.7685656547546387,"orthographic":false}