{"cameraMode":{"drawMode":0,"name":"Shaded","section":"Shading Mode"},"sceneLighting":false,"audioPlay":false,"sceneViewState":{"showFog":true,"showMaterialUpdate":false,"showSkybox":false,"showFlares":true,"showImageEffects":true,"showParticleSystems":true},"in2DMode":false,"pivot":{"x":0.0,"y":0.17197038233280183,"z":0.001163780689239502},"rotation":{"x":0.060534097254276279,"y":-0.813284695148468,"z":0.08593885600566864,"w":0.5723426342010498},"size":0.2146541178226471,"orthographic":false}