{"cameraMode":{"drawMode":0,"name":"Shaded","section":"Shading Mode"},"sceneLighting":false,"audioPlay":false,"sceneViewState":{"showFog":true,"showMaterialUpdate":false,"showSkybox":false,"showFlares":true,"showImageEffects":true,"showParticleSystems":true},"in2DMode":false,"pivot":{"x":-11.426822662353516,"y":0.9103384017944336,"z":5.7047882080078129},"rotation":{"x":0.03449631854891777,"y":-0.9481576085090637,"z":0.11028538644313812,"w":0.296140193939209},"size":18.597698211669923,"orthographic":false}