{"cameraMode":{"drawMode":0,"name":"Shaded","section":"Shading Mode"},"sceneLighting":false,"audioPlay":false,"sceneViewState":{"showFog":true,"showMaterialUpdate":false,"showSkybox":false,"showFlares":true,"showImageEffects":true,"showParticleSystems":true},"in2DMode":false,"pivot":{"x":0.18026351928710938,"y":0.14152765274047852,"z":-0.7190313339233398},"rotation":{"x":-0.1068887859582901,"y":-0.8361935615539551,"z":0.1759040355682373,"w":-0.5083958506584168},"size":2.1420414447784426,"orthographic":false}