{"cameraMode":{"drawMode":0,"name":"Shaded","section":"Shading Mode"},"sceneLighting":false,"audioPlay":false,"sceneViewState":{"showFog":true,"showMaterialUpdate":false,"showSkybox":false,"showFlares":true,"showImageEffects":true,"showParticleSystems":true},"in2DMode":false,"pivot":{"x":-1.0601720809936524,"y":1.111602783203125,"z":-0.259005069732666},"rotation":{"x":0.06233153119683266,"y":-0.8622913360595703,"z":0.1094769611954689,"w":0.4905514419078827},"size":1.7257864475250245,"orthographic":false}