{"cameraMode":{"drawMode":0,"name":"Shaded","section":"Shading Mode"},"sceneLighting":false,"audioPlay":false,"sceneViewState":{"showFog":true,"showMaterialUpdate":false,"showSkybox":false,"showFlares":true,"showImageEffects":true,"showParticleSystems":true},"in2DMode":false,"pivot":{"x":-0.4382427930831909,"y":0.9781250953674316,"z":-0.05299413204193115},"rotation":{"x":0.026416176930069925,"y":-0.9601609706878662,"z":0.09711378812789917,"w":0.26081186532974245},"size":0.789484441280365,"orthographic":false}