{"cameraMode":{"drawMode":0,"name":"Shaded","section":"Shading Mode"},"sceneLighting":false,"audioPlay":false,"sceneViewState":{"showFog":true,"showMaterialUpdate":false,"showSkybox":false,"showFlares":true,"showImageEffects":true,"showParticleSystems":true},"in2DMode":false,"pivot":{"x":-0.49976807832717898,"y":1.2152705192565919,"z":0.0802602767944336},"rotation":{"x":0.05853855237364769,"y":-0.915440559387207,"z":0.14425359666347505,"w":0.3712029457092285},"size":0.5186423063278198,"orthographic":false}